team_name,problem_id,status,score,offset_minutes,details
指令数屠夫,matmul,success,0.0,12,"{""verdict"":""accepted"",""error"":null,""message"":""演示数据"",""problem"":""matmul"",""full_score"":30,""cases"":[{""case"":0,""size"":4,""verdict"":""accepted"",""points"":0.0,""points_max"":3,""instructions"":2339,""cost"":2564,""d_miss"":15,""d_access"":30,""baseline"":null,""ratio"":null,""detail"":""""},{""case"":1,""size"":8,""verdict"":""accepted"",""points"":0.0,""points_max"":3,""instructions"":16875,""cost"":17250,""d_miss"":25,""d_access"":50,""baseline"":null,""ratio"":null,""detail"":""""},{""case"":2,""size"":12,""verdict"":""accepted"",""points"":0.0,""points_max"":3,""instructions"":55128,""cost"":55728,""d_miss"":40,""d_access"":80,""baseline"":null,""ratio"":null,""detail"":""""},{""case"":3,""size"":16,""verdict"":""accepted"",""points"":0.0,""points_max"":3,""instructions"":130727,""cost"":131642,""d_miss"":61,""d_access"":122,""baseline"":null,""ratio"":null,""detail"":""""},{""case"":4,""size"":20,""verdict"":""accepted"",""points"":0.0,""points_max"":3,""instructions"":257734,""cost"":259084,""d_miss"":90,""d_access"":180,""baseline"":null,""ratio"":null,""detail"":""""},{""case"":5,""size"":24,""verdict"":""accepted"",""points"":0.0,""points_max"":3,""instructions"":440560,""cost"":442420,""d_miss"":124,""d_access"":248,""baseline"":null,""ratio"":null,""detail"":""""},{""case"":6,""size"":32,""verdict"":""accepted"",""points"":0.0,""points_max"":3,""instructions"":1066517,""cost"":1069757,""d_miss"":216,""d_access"":432,""baseline"":null,""ratio"":null,""detail"":""""},{""case"":7,""size"":40,""verdict"":""accepted"",""points"":0.0,""points_max"":3,""instructions"":2130782,""cost"":2135882,""d_miss"":340,""d_access"":680,""baseline"":null,""ratio"":null,""detail"":""""},{""case"":8,""size"":48,""verdict"":""accepted"",""points"":0.0,""points_max"":3,""instructions"":3705678,""cost"":3713013,""d_miss"":489,""d_access"":978,""baseline"":null,""ratio"":null,""detail"":""""},{""case"":9,""size"":64,""verdict"":""accepted"",""points"":0.0,""points_max"":3,""instructions"":9187787,""cost"":9201302,""d_miss"":901,""d_access"":1802,""baseline"":null,""ratio"":null,""detail"":""""}]}"
指令数屠夫,add,success,0.0,26,"{""verdict"":""accepted"",""error"":null,""message"":""演示数据"",""problem"":""add"",""full_score"":30,""cases"":[{""case"":0,""size"":64,""verdict"":""accepted"",""points"":0.0,""points_max"":3,""instructions"":1316,""cost"":1616,""d_miss"":20,""d_access"":40,""baseline"":null,""ratio"":null,""detail"":""""},{""case"":1,""size"":128,""verdict"":""accepted"",""points"":0.0,""points_max"":3,""instructions"":2613,""cost"":3093,""d_miss"":32,""d_access"":64,""baseline"":null,""ratio"":null,""detail"":""""},{""case"":2,""size"":256,""verdict"":""accepted"",""points"":0.0,""points_max"":3,""instructions"":5263,""cost"":6088,""d_miss"":55,""d_access"":110,""baseline"":null,""ratio"":null,""detail"":""""},{""case"":3,""size"":512,""verdict"":""accepted"",""points"":0.0,""points_max"":3,""instructions"":10615,""cost"":12160,""d_miss"":103,""d_access"":206,""baseline"":null,""ratio"":null,""detail"":""""},{""case"":4,""size"":1024,""verdict"":""accepted"",""points"":0.0,""points_max"":3,""instructions"":21495,""cost"":24510,""d_miss"":201,""d_access"":402,""baseline"":null,""ratio"":null,""detail"":""""},{""case"":5,""size"":1536,""verdict"":""accepted"",""points"":0.0,""points_max"":3,""instructions"":33091,""cost"":37651,""d_miss"":304,""d_access"":608,""baseline"":null,""ratio"":null,""detail"":""""},{""case"":6,""size"":2048,""verdict"":""accepted"",""points"":0.0,""points_max"":3,""instructions"":44942,""cost"":51092,""d_miss"":410,""d_access"":820,""baseline"":null,""ratio"":null,""detail"":""""},{""case"":7,""size"":2560,""verdict"":""accepted"",""points"":0.0,""points_max"":3,""instructions"":56727,""cost"":64497,""d_miss"":518,""d_access"":1036,""baseline"":null,""ratio"":null,""detail"":""""},{""case"":8,""size"":3072,""verdict"":""accepted"",""points"":0.0,""points_max"":3,""instructions"":70705,""cost"":80350,""d_miss"":643,""d_access"":1286,""baseline"":null,""ratio"":null,""detail"":""""},{""case"":9,""size"":4096,""verdict"":""accepted"",""points"":0.0,""points_max"":3,""instructions"":97630,""cost"":110890,""d_miss"":884,""d_access"":1768,""baseline"":null,""ratio"":null,""detail"":""""}]}"
定点特工队,reducesum,success,0.0,40,"{""verdict"":""accepted"",""error"":null,""message"":""演示数据"",""problem"":""reducesum"",""full_score"":40,""cases"":[{""case"":0,""size"":64,""verdict"":""accepted"",""points"":0.0,""points_max"":4,""instructions"":1234,""cost"":1459,""d_miss"":15,""d_access"":30,""baseline"":null,""ratio"":null,""detail"":""""},{""case"":1,""size"":128,""verdict"":""accepted"",""points"":0.0,""points_max"":4,""instructions"":2439,""cost"":2739,""d_miss"":20,""d_access"":40,""baseline"":null,""ratio"":null,""detail"":""""},{""case"":2,""size"":256,""verdict"":""accepted"",""points"":0.0,""points_max"":4,""instructions"":4816,""cost"":5221,""d_miss"":27,""d_access"":54,""baseline"":null,""ratio"":null,""detail"":""""},{""case"":3,""size"":512,""verdict"":""accepted"",""points"":0.0,""points_max"":4,""instructions"":9796,""cost"":10486,""d_miss"":46,""d_access"":92,""baseline"":null,""ratio"":null,""detail"":""""},{""case"":4,""size"":1024,""verdict"":""accepted"",""points"":0.0,""points_max"":4,""instructions"":19409,""cost"":20624,""d_miss"":81,""d_access"":162,""baseline"":null,""ratio"":null,""detail"":""""},{""case"":5,""size"":1536,""verdict"":""accepted"",""points"":0.0,""points_max"":4,""instructions"":29671,""cost"":31456,""d_miss"":119,""d_access"":238,""baseline"":null,""ratio"":null,""detail"":""""},{""case"":6,""size"":2048,""verdict"":""accepted"",""points"":0.0,""points_max"":4,""instructions"":39151,""cost"":41446,""d_miss"":153,""d_access"":306,""baseline"":null,""ratio"":null,""detail"":""""},{""case"":7,""size"":2560,""verdict"":""accepted"",""points"":0.0,""points_max"":4,""instructions"":50380,""cost"":53290,""d_miss"":194,""d_access"":388,""baseline"":null,""ratio"":null,""detail"":""""},{""case"":8,""size"":3072,""verdict"":""accepted"",""points"":0.0,""points_max"":4,""instructions"":60327,""cost"":63792,""d_miss"":231,""d_access"":462,""baseline"":null,""ratio"":null,""detail"":""""},{""case"":9,""size"":4096,""verdict"":""accepted"",""points"":0.0,""points_max"":4,""instructions"":82230,""cost"":86925,""d_miss"":313,""d_access"":626,""baseline"":null,""ratio"":null,""detail"":""""}]}"
指令数屠夫,matmul,success,0.0,70,"{""verdict"":""accepted"",""error"":null,""message"":""演示数据"",""problem"":""matmul"",""full_score"":30,""cases"":[{""case"":0,""size"":4,""verdict"":""accepted"",""points"":0.0,""points_max"":3,""instructions"":2074,""cost"":2284,""d_miss"":14,""d_access"":28,""baseline"":null,""ratio"":null,""detail"":""""},{""case"":1,""size"":8,""verdict"":""accepted"",""points"":0.0,""points_max"":3,""instructions"":14813,""cost"":15143,""d_miss"":22,""d_access"":44,""baseline"":null,""ratio"":null,""detail"":""""},{""case"":2,""size"":12,""verdict"":""accepted"",""points"":0.0,""points_max"":3,""instructions"":48823,""cost"":49348,""d_miss"":35,""d_access"":70,""baseline"":null,""ratio"":null,""detail"":""""},{""case"":3,""size"":16,""verdict"":""accepted"",""points"":0.0,""points_max"":3,""instructions"":115594,""cost"":116404,""d_miss"":54,""d_access"":108,""baseline"":null,""ratio"":null,""detail"":""""},{""case"":4,""size"":20,""verdict"":""accepted"",""points"":0.0,""points_max"":3,""instructions"":224412,""cost"":225597,""d_miss"":79,""d_access"":158,""baseline"":null,""ratio"":null,""detail"":""""},{""case"":5,""size"":24,""verdict"":""accepted"",""points"":0.0,""points_max"":3,""instructions"":387953,""cost"":389588,""d_miss"":109,""d_access"":218,""baseline"":null,""ratio"":null,""detail"":""""},{""case"":6,""size"":32,""verdict"":""accepted"",""points"":0.0,""points_max"":3,""instructions"":950991,""cost"":953886,""d_miss"":193,""d_access"":386,""baseline"":null,""ratio"":null,""detail"":""""},{""case"":7,""size"":40,""verdict"":""accepted"",""points"":0.0,""points_max"":3,""instructions"":1874622,""cost"":1879107,""d_miss"":299,""d_access"":598,""baseline"":null,""ratio"":null,""detail"":""""},{""case"":8,""size"":48,""verdict"":""accepted"",""points"":0.0,""points_max"":3,""instructions"":3262635,""cost"":3269100,""d_miss"":431,""d_access"":862,""baseline"":null,""ratio"":null,""detail"":""""},{""case"":9,""size"":64,""verdict"":""accepted"",""points"":0.0,""points_max"":3,""instructions"":8170987,""cost"":8183017,""d_miss"":802,""d_access"":1604,""baseline"":null,""ratio"":null,""detail"":""""}]}"
指令数屠夫,add,success,0.0,83,"{""verdict"":""accepted"",""error"":null,""message"":""演示数据"",""problem"":""add"",""full_score"":30,""cases"":[{""case"":0,""size"":64,""verdict"":""accepted"",""points"":0.0,""points_max"":3,""instructions"":1213,""cost"":1483,""d_miss"":18,""d_access"":36,""baseline"":null,""ratio"":null,""detail"":""""},{""case"":1,""size"":128,""verdict"":""accepted"",""points"":0.0,""points_max"":3,""instructions"":2352,""cost"":2772,""d_miss"":28,""d_access"":56,""baseline"":null,""ratio"":null,""detail"":""""},{""case"":2,""size"":256,""verdict"":""accepted"",""points"":0.0,""points_max"":3,""instructions"":4658,""cost"":5393,""d_miss"":49,""d_access"":98,""baseline"":null,""ratio"":null,""detail"":""""},{""case"":3,""size"":512,""verdict"":""accepted"",""points"":0.0,""points_max"":3,""instructions"":9543,""cost"":10938,""d_miss"":93,""d_access"":186,""baseline"":null,""ratio"":null,""detail"":""""},{""case"":4,""size"":1024,""verdict"":""accepted"",""points"":0.0,""points_max"":3,""instructions"":19228,""cost"":21913,""d_miss"":179,""d_access"":358,""baseline"":null,""ratio"":null,""detail"":""""},{""case"":5,""size"":1536,""verdict"":""accepted"",""points"":0.0,""points_max"":3,""instructions"":29653,""cost"":33748,""d_miss"":273,""d_access"":546,""baseline"":null,""ratio"":null,""detail"":""""},{""case"":6,""size"":2048,""verdict"":""accepted"",""points"":0.0,""points_max"":3,""instructions"":39830,""cost"":45290,""d_miss"":364,""d_access"":728,""baseline"":null,""ratio"":null,""detail"":""""},{""case"":7,""size"":2560,""verdict"":""accepted"",""points"":0.0,""points_max"":3,""instructions"":52215,""cost"":59370,""d_miss"":477,""d_access"":954,""baseline"":null,""ratio"":null,""detail"":""""},{""case"":8,""size"":3072,""verdict"":""accepted"",""points"":0.0,""points_max"":3,""instructions"":63349,""cost"":71989,""d_miss"":576,""d_access"":1152,""baseline"":null,""ratio"":null,""detail"":""""},{""case"":9,""size"":4096,""verdict"":""accepted"",""points"":0.0,""points_max"":3,""instructions"":87620,""cost"":99515,""d_miss"":793,""d_access"":1586,""baseline"":null,""ratio"":null,""detail"":""""}]}"
寄存器分配师,add,success,0.0,102,"{""verdict"":""accepted"",""error"":null,""message"":""演示数据"",""problem"":""add"",""full_score"":30,""cases"":[{""case"":0,""size"":64,""verdict"":""accepted"",""points"":0.0,""points_max"":3,""instructions"":1345,""cost"":1645,""d_miss"":20,""d_access"":40,""baseline"":null,""ratio"":null,""detail"":""""},{""case"":1,""size"":128,""verdict"":""accepted"",""points"":0.0,""points_max"":3,""instructions"":2648,""cost"":3128,""d_miss"":32,""d_access"":64,""baseline"":null,""ratio"":null,""detail"":""""},{""case"":2,""size"":256,""verdict"":""accepted"",""points"":0.0,""points_max"":3,""instructions"":5371,""cost"":6226,""d_miss"":57,""d_access"":114,""baseline"":null,""ratio"":null,""detail"":""""},{""case"":3,""size"":512,""verdict"":""accepted"",""points"":0.0,""points_max"":3,""instructions"":10537,""cost"":12067,""d_miss"":102,""d_access"":204,""baseline"":null,""ratio"":null,""detail"":""""},{""case"":4,""size"":1024,""verdict"":""accepted"",""points"":0.0,""points_max"":3,""instructions"":21267,""cost"":24237,""d_miss"":198,""d_access"":396,""baseline"":null,""ratio"":null,""detail"":""""},{""case"":5,""size"":1536,""verdict"":""accepted"",""points"":0.0,""points_max"":3,""instructions"":32609,""cost"":37109,""d_miss"":300,""d_access"":600,""baseline"":null,""ratio"":null,""detail"":""""},{""case"":6,""size"":2048,""verdict"":""accepted"",""points"":0.0,""points_max"":3,""instructions"":42852,""cost"":48717,""d_miss"":391,""d_access"":782,""baseline"":null,""ratio"":null,""detail"":""""},{""case"":7,""size"":2560,""verdict"":""accepted"",""points"":0.0,""points_max"":3,""instructions"":53640,""cost"":60990,""d_miss"":490,""d_access"":980,""baseline"":null,""ratio"":null,""detail"":""""},{""case"":8,""size"":3072,""verdict"":""accepted"",""points"":0.0,""points_max"":3,""instructions"":65212,""cost"":74107,""d_miss"":593,""d_access"":1186,""baseline"":null,""ratio"":null,""detail"":""""},{""case"":9,""size"":4096,""verdict"":""accepted"",""points"":0.0,""points_max"":3,""instructions"":88985,""cost"":101075,""d_miss"":806,""d_access"":1612,""baseline"":null,""ratio"":null,""detail"":""""}]}"
展开循环小分队,matmul,success,0.0,119,"{""verdict"":""accepted"",""error"":null,""message"":""演示数据"",""problem"":""matmul"",""full_score"":30,""cases"":[{""case"":0,""size"":4,""verdict"":""accepted"",""points"":0.0,""points_max"":3,""instructions"":2201,""cost"":2411,""d_miss"":14,""d_access"":28,""baseline"":null,""ratio"":null,""detail"":""""},{""case"":1,""size"":8,""verdict"":""accepted"",""points"":0.0,""points_max"":3,""instructions"":16106,""cost"":16451,""d_miss"":23,""d_access"":46,""baseline"":null,""ratio"":null,""detail"":""""},{""case"":2,""size"":12,""verdict"":""accepted"",""points"":0.0,""points_max"":3,""instructions"":55640,""cost"":56240,""d_miss"":40,""d_access"":80,""baseline"":null,""ratio"":null,""detail"":""""},{""case"":3,""size"":16,""verdict"":""accepted"",""points"":0.0,""points_max"":3,""instructions"":131589,""cost"":132519,""d_miss"":62,""d_access"":124,""baseline"":null,""ratio"":null,""detail"":""""},{""case"":4,""size"":20,""verdict"":""accepted"",""points"":0.0,""points_max"":3,""instructions"":264389,""cost"":265784,""d_miss"":93,""d_access"":186,""baseline"":null,""ratio"":null,""detail"":""""},{""case"":5,""size"":24,""verdict"":""accepted"",""points"":0.0,""points_max"":3,""instructions"":475262,""cost"":477272,""d_miss"":134,""d_access"":268,""baseline"":null,""ratio"":null,""detail"":""""},{""case"":6,""size"":32,""verdict"":""accepted"",""points"":0.0,""points_max"":3,""instructions"":1175321,""cost"":1178906,""d_miss"":239,""d_access"":478,""baseline"":null,""ratio"":null,""detail"":""""},{""case"":7,""size"":40,""verdict"":""accepted"",""points"":0.0,""points_max"":3,""instructions"":2406647,""cost"":2412407,""d_miss"":384,""d_access"":768,""baseline"":null,""ratio"":null,""detail"":""""},{""case"":8,""size"":48,""verdict"":""accepted"",""points"":0.0,""points_max"":3,""instructions"":4440875,""cost"":4449665,""d_miss"":586,""d_access"":1172,""baseline"":null,""ratio"":null,""detail"":""""},{""case"":9,""size"":64,""verdict"":""accepted"",""points"":0.0,""points_max"":3,""instructions"":11477831,""cost"":11494721,""d_miss"":1126,""d_access"":2252,""baseline"":null,""ratio"":null,""detail"":""""}]}"
RISC-V 先锋队,reducesum,success,0.0,145,"{""verdict"":""accepted"",""error"":null,""message"":""演示数据"",""problem"":""reducesum"",""full_score"":40,""cases"":[{""case"":0,""size"":64,""verdict"":""accepted"",""points"":0.0,""points_max"":4,""instructions"":1093,""cost"":1303,""d_miss"":14,""d_access"":28,""baseline"":null,""ratio"":null,""detail"":""""},{""case"":1,""size"":128,""verdict"":""accepted"",""points"":0.0,""points_max"":4,""instructions"":2190,""cost"":2460,""d_miss"":18,""d_access"":36,""baseline"":null,""ratio"":null,""detail"":""""},{""case"":2,""size"":256,""verdict"":""accepted"",""points"":0.0,""points_max"":4,""instructions"":4342,""cost"":4717,""d_miss"":25,""d_access"":50,""baseline"":null,""ratio"":null,""detail"":""""},{""case"":3,""size"":512,""verdict"":""accepted"",""points"":0.0,""points_max"":4,""instructions"":8590,""cost"":9190,""d_miss"":40,""d_access"":80,""baseline"":null,""ratio"":null,""detail"":""""},{""case"":4,""size"":1024,""verdict"":""accepted"",""points"":0.0,""points_max"":4,""instructions"":17395,""cost"":18490,""d_miss"":73,""d_access"":146,""baseline"":null,""ratio"":null,""detail"":""""},{""case"":5,""size"":1536,""verdict"":""accepted"",""points"":0.0,""points_max"":4,""instructions"":25595,""cost"":27140,""d_miss"":103,""d_access"":206,""baseline"":null,""ratio"":null,""detail"":""""},{""case"":6,""size"":2048,""verdict"":""accepted"",""points"":0.0,""points_max"":4,""instructions"":34523,""cost"":36548,""d_miss"":135,""d_access"":270,""baseline"":null,""ratio"":null,""detail"":""""},{""case"":7,""size"":2560,""verdict"":""accepted"",""points"":0.0,""points_max"":4,""instructions"":43512,""cost"":46032,""d_miss"":168,""d_access"":336,""baseline"":null,""ratio"":null,""detail"":""""},{""case"":8,""size"":3072,""verdict"":""accepted"",""points"":0.0,""points_max"":4,""instructions"":52057,""cost"":55042,""d_miss"":199,""d_access"":398,""baseline"":null,""ratio"":null,""detail"":""""},{""case"":9,""size"":4096,""verdict"":""accepted"",""points"":0.0,""points_max"":4,""instructions"":71778,""cost"":75873,""d_miss"":273,""d_access"":546,""baseline"":null,""ratio"":null,""detail"":""""}]}"
展开循环小分队,reducesum,success,0.0,165,"{""verdict"":""accepted"",""error"":null,""message"":""演示数据"",""problem"":""reducesum"",""full_score"":40,""cases"":[{""case"":0,""size"":64,""verdict"":""accepted"",""points"":0.0,""points_max"":4,""instructions"":955,""cost"":1135,""d_miss"":12,""d_access"":24,""baseline"":null,""ratio"":null,""detail"":""""},{""case"":1,""size"":128,""verdict"":""accepted"",""points"":0.0,""points_max"":4,""instructions"":1939,""cost"":2179,""d_miss"":16,""d_access"":32,""baseline"":null,""ratio"":null,""detail"":""""},{""case"":2,""size"":256,""verdict"":""accepted"",""points"":0.0,""points_max"":4,""instructions"":3873,""cost"":4203,""d_miss"":22,""d_access"":44,""baseline"":null,""ratio"":null,""detail"":""""},{""case"":3,""size"":512,""verdict"":""accepted"",""points"":0.0,""points_max"":4,""instructions"":7962,""cost"":8517,""d_miss"":37,""d_access"":74,""baseline"":null,""ratio"":null,""detail"":""""},{""case"":4,""size"":1024,""verdict"":""accepted"",""points"":0.0,""points_max"":4,""instructions"":17268,""cost"":18348,""d_miss"":72,""d_access"":144,""baseline"":null,""ratio"":null,""detail"":""""},{""case"":5,""size"":1536,""verdict"":""accepted"",""points"":0.0,""points_max"":4,""instructions"":27468,""cost"":29118,""d_miss"":110,""d_access"":220,""baseline"":null,""ratio"":null,""detail"":""""},{""case"":6,""size"":2048,""verdict"":""accepted"",""points"":0.0,""points_max"":4,""instructions"":38811,""cost"":41076,""d_miss"":151,""d_access"":302,""baseline"":null,""ratio"":null,""detail"":""""},{""case"":7,""size"":2560,""verdict"":""accepted"",""points"":0.0,""points_max"":4,""instructions"":50478,""cost"":53403,""d_miss"":195,""d_access"":390,""baseline"":null,""ratio"":null,""detail"":""""},{""case"":8,""size"":3072,""verdict"":""accepted"",""points"":0.0,""points_max"":4,""instructions"":65103,""cost"":68838,""d_miss"":249,""d_access"":498,""baseline"":null,""ratio"":null,""detail"":""""},{""case"":9,""size"":4096,""verdict"":""accepted"",""points"":0.0,""points_max"":4,""instructions"":95830,""cost"":101305,""d_miss"":365,""d_access"":730,""baseline"":null,""ratio"":null,""detail"":""""}]}"
RISC-V 先锋队,matmul,success,0.0,176,"{""verdict"":""accepted"",""error"":null,""message"":""演示数据"",""problem"":""matmul"",""full_score"":30,""cases"":[{""case"":0,""size"":4,""verdict"":""accepted"",""points"":0.0,""points_max"":3,""instructions"":2188,""cost"":2398,""d_miss"":14,""d_access"":28,""baseline"":null,""ratio"":null,""detail"":""""},{""case"":1,""size"":8,""verdict"":""accepted"",""points"":0.0,""points_max"":3,""instructions"":15730,""cost"":16075,""d_miss"":23,""d_access"":46,""baseline"":null,""ratio"":null,""detail"":""""},{""case"":2,""size"":12,""verdict"":""accepted"",""points"":0.0,""points_max"":3,""instructions"":50655,""cost"":51195,""d_miss"":36,""d_access"":72,""baseline"":null,""ratio"":null,""detail"":""""},{""case"":3,""size"":16,""verdict"":""accepted"",""points"":0.0,""points_max"":3,""instructions"":117468,""cost"":118293,""d_miss"":55,""d_access"":110,""baseline"":null,""ratio"":null,""detail"":""""},{""case"":4,""size"":20,""verdict"":""accepted"",""points"":0.0,""points_max"":3,""instructions"":231763,""cost"":232978,""d_miss"":81,""d_access"":162,""baseline"":null,""ratio"":null,""detail"":""""},{""case"":5,""size"":24,""verdict"":""accepted"",""points"":0.0,""points_max"":3,""instructions"":391955,""cost"":393605,""d_miss"":110,""d_access"":220,""baseline"":null,""ratio"":null,""detail"":""""},{""case"":6,""size"":32,""verdict"":""accepted"",""points"":0.0,""points_max"":3,""instructions"":931184,""cost"":934019,""d_miss"":189,""d_access"":378,""baseline"":null,""ratio"":null,""detail"":""""},{""case"":7,""size"":40,""verdict"":""accepted"",""points"":0.0,""points_max"":3,""instructions"":1850371,""cost"":1854796,""d_miss"":295,""d_access"":590,""baseline"":null,""ratio"":null,""detail"":""""},{""case"":8,""size"":48,""verdict"":""accepted"",""points"":0.0,""points_max"":3,""instructions"":3185141,""cost"":3191456,""d_miss"":421,""d_access"":842,""baseline"":null,""ratio"":null,""detail"":""""},{""case"":9,""size"":64,""verdict"":""accepted"",""points"":0.0,""points_max"":3,""instructions"":7680077,""cost"":7691372,""d_miss"":753,""d_access"":1506,""baseline"":null,""ratio"":null,""detail"":""""}]}"
流水线突击队,add,success,0.0,204,"{""verdict"":""accepted"",""error"":null,""message"":""演示数据"",""problem"":""add"",""full_score"":30,""cases"":[{""case"":0,""size"":64,""verdict"":""accepted"",""points"":0.0,""points_max"":3,""instructions"":1294,""cost"":1594,""d_miss"":20,""d_access"":40,""baseline"":null,""ratio"":null,""detail"":""""},{""case"":1,""size"":128,""verdict"":""accepted"",""points"":0.0,""points_max"":3,""instructions"":2555,""cost"":3020,""d_miss"":31,""d_access"":62,""baseline"":null,""ratio"":null,""detail"":""""},{""case"":2,""size"":256,""verdict"":""accepted"",""points"":0.0,""points_max"":3,""instructions"":4998,""cost"":5793,""d_miss"":53,""d_access"":106,""baseline"":null,""ratio"":null,""detail"":""""},{""case"":3,""size"":512,""verdict"":""accepted"",""points"":0.0,""points_max"":3,""instructions"":10073,""cost"":11543,""d_miss"":98,""d_access"":196,""baseline"":null,""ratio"":null,""detail"":""""},{""case"":4,""size"":1024,""verdict"":""accepted"",""points"":0.0,""points_max"":3,""instructions"":20338,""cost"":23188,""d_miss"":190,""d_access"":380,""baseline"":null,""ratio"":null,""detail"":""""},{""case"":5,""size"":1536,""verdict"":""accepted"",""points"":0.0,""points_max"":3,""instructions"":30952,""cost"":35227,""d_miss"":285,""d_access"":570,""baseline"":null,""ratio"":null,""detail"":""""},{""case"":6,""size"":2048,""verdict"":""accepted"",""points"":0.0,""points_max"":3,""instructions"":40914,""cost"":46509,""d_miss"":373,""d_access"":746,""baseline"":null,""ratio"":null,""detail"":""""},{""case"":7,""size"":2560,""verdict"":""accepted"",""points"":0.0,""points_max"":3,""instructions"":51371,""cost"":58406,""d_miss"":469,""d_access"":938,""baseline"":null,""ratio"":null,""detail"":""""},{""case"":8,""size"":3072,""verdict"":""accepted"",""points"":0.0,""points_max"":3,""instructions"":62034,""cost"":70494,""d_miss"":564,""d_access"":1128,""baseline"":null,""ratio"":null,""detail"":""""},{""case"":9,""size"":4096,""verdict"":""accepted"",""points"":0.0,""points_max"":3,""instructions"":83599,""cost"":94954,""d_miss"":757,""d_access"":1514,""baseline"":null,""ratio"":null,""detail"":""""}]}"
定点特工队,matmul,success,0.0,230,"{""verdict"":""accepted"",""error"":null,""message"":""演示数据"",""problem"":""matmul"",""full_score"":30,""cases"":[{""case"":0,""size"":4,""verdict"":""accepted"",""points"":0.0,""points_max"":3,""instructions"":2719,""cost"":2989,""d_miss"":18,""d_access"":36,""baseline"":null,""ratio"":null,""detail"":""""},{""case"":1,""size"":8,""verdict"":""accepted"",""points"":0.0,""points_max"":3,""instructions"":19324,""cost"":19744,""d_miss"":28,""d_access"":56,""baseline"":null,""ratio"":null,""detail"":""""},{""case"":2,""size"":12,""verdict"":""accepted"",""points"":0.0,""points_max"":3,""instructions"":63033,""cost"":63708,""d_miss"":45,""d_access"":90,""baseline"":null,""ratio"":null,""detail"":""""},{""case"":3,""size"":16,""verdict"":""accepted"",""points"":0.0,""points_max"":3,""instructions"":147850,""cost"":148900,""d_miss"":70,""d_access"":140,""baseline"":null,""ratio"":null,""detail"":""""},{""case"":4,""size"":20,""verdict"":""accepted"",""points"":0.0,""points_max"":3,""instructions"":286627,""cost"":288142,""d_miss"":101,""d_access"":202,""baseline"":null,""ratio"":null,""detail"":""""},{""case"":5,""size"":24,""verdict"":""accepted"",""points"":0.0,""points_max"":3,""instructions"":490639,""cost"":492709,""d_miss"":138,""d_access"":276,""baseline"":null,""ratio"":null,""detail"":""""},{""case"":6,""size"":32,""verdict"":""accepted"",""points"":0.0,""points_max"":3,""instructions"":1164461,""cost"":1168001,""d_miss"":236,""d_access"":472,""baseline"":null,""ratio"":null,""detail"":""""},{""case"":7,""size"":40,""verdict"":""accepted"",""points"":0.0,""points_max"":3,""instructions"":2267643,""cost"":2273073,""d_miss"":362,""d_access"":724,""baseline"":null,""ratio"":null,""detail"":""""},{""case"":8,""size"":48,""verdict"":""accepted"",""points"":0.0,""points_max"":3,""instructions"":3898142,""cost"":3905867,""d_miss"":515,""d_access"":1030,""baseline"":null,""ratio"":null,""detail"":""""},{""case"":9,""size"":64,""verdict"":""accepted"",""points"":0.0,""points_max"":3,""instructions"":9542123,""cost"":9556163,""d_miss"":936,""d_access"":1872,""baseline"":null,""ratio"":null,""detail"":""""}]}"
编译器摸鱼组,add,success,0.0,245,"{""verdict"":""accepted"",""error"":null,""message"":""演示数据"",""problem"":""add"",""full_score"":30,""cases"":[{""case"":0,""size"":64,""verdict"":""accepted"",""points"":0.0,""points_max"":3,""instructions"":1850,""cost"":2270,""d_miss"":28,""d_access"":56,""baseline"":null,""ratio"":null,""detail"":""""},{""case"":1,""size"":128,""verdict"":""accepted"",""points"":0.0,""points_max"":3,""instructions"":3722,""cost"":4397,""d_miss"":45,""d_access"":90,""baseline"":null,""ratio"":null,""detail"":""""},{""case"":2,""size"":256,""verdict"":""accepted"",""points"":0.0,""points_max"":3,""instructions"":7308,""cost"":8463,""d_miss"":77,""d_access"":154,""baseline"":null,""ratio"":null,""detail"":""""},{""case"":3,""size"":512,""verdict"":""accepted"",""points"":0.0,""points_max"":3,""instructions"":14733,""cost"":16878,""d_miss"":143,""d_access"":286,""baseline"":null,""ratio"":null,""detail"":""""},{""case"":4,""size"":1024,""verdict"":""accepted"",""points"":0.0,""points_max"":3,""instructions"":29808,""cost"":33978,""d_miss"":278,""d_access"":556,""baseline"":null,""ratio"":null,""detail"":""""},{""case"":5,""size"":1536,""verdict"":""accepted"",""points"":0.0,""points_max"":3,""instructions"":43966,""cost"":50026,""d_miss"":404,""d_access"":808,""baseline"":null,""ratio"":null,""detail"":""""},{""case"":6,""size"":2048,""verdict"":""accepted"",""points"":0.0,""points_max"":3,""instructions"":59932,""cost"":68137,""d_miss"":547,""d_access"":1094,""baseline"":null,""ratio"":null,""detail"":""""},{""case"":7,""size"":2560,""verdict"":""accepted"",""points"":0.0,""points_max"":3,""instructions"":75269,""cost"":85574,""d_miss"":687,""d_access"":1374,""baseline"":null,""ratio"":null,""detail"":""""},{""case"":8,""size"":3072,""verdict"":""accepted"",""points"":0.0,""points_max"":3,""instructions"":90779,""cost"":103154,""d_miss"":825,""d_access"":1650,""baseline"":null,""ratio"":null,""detail"":""""},{""case"":9,""size"":4096,""verdict"":""accepted"",""points"":0.0,""points_max"":3,""instructions"":121990,""cost"":138550,""d_miss"":1104,""d_access"":2208,""baseline"":null,""ratio"":null,""detail"":""""}]}"
展开循环小分队,add,success,0.0,268,"{""verdict"":""accepted"",""error"":null,""message"":""演示数据"",""problem"":""add"",""full_score"":30,""cases"":[{""case"":0,""size"":64,""verdict"":""accepted"",""points"":0.0,""points_max"":3,""instructions"":1279,""cost"":1564,""d_miss"":19,""d_access"":38,""baseline"":null,""ratio"":null,""detail"":""""},{""case"":1,""size"":128,""verdict"":""accepted"",""points"":0.0,""points_max"":3,""instructions"":2507,""cost"":2957,""d_miss"":30,""d_access"":60,""baseline"":null,""ratio"":null,""detail"":""""},{""case"":2,""size"":256,""verdict"":""accepted"",""points"":0.0,""points_max"":3,""instructions"":5005,""cost"":5800,""d_miss"":53,""d_access"":106,""baseline"":null,""ratio"":null,""detail"":""""},{""case"":3,""size"":512,""verdict"":""accepted"",""points"":0.0,""points_max"":3,""instructions"":10563,""cost"":12108,""d_miss"":103,""d_access"":206,""baseline"":null,""ratio"":null,""detail"":""""},{""case"":4,""size"":1024,""verdict"":""accepted"",""points"":0.0,""points_max"":3,""instructions"":22227,""cost"":25332,""d_miss"":207,""d_access"":414,""baseline"":null,""ratio"":null,""detail"":""""},{""case"":5,""size"":1536,""verdict"":""accepted"",""points"":0.0,""points_max"":3,""instructions"":35352,""cost"":40227,""d_miss"":325,""d_access"":650,""baseline"":null,""ratio"":null,""detail"":""""},{""case"":6,""size"":2048,""verdict"":""accepted"",""points"":0.0,""points_max"":3,""instructions"":51138,""cost"":58143,""d_miss"":467,""d_access"":934,""baseline"":null,""ratio"":null,""detail"":""""},{""case"":7,""size"":2560,""verdict"":""accepted"",""points"":0.0,""points_max"":3,""instructions"":66896,""cost"":76046,""d_miss"":610,""d_access"":1220,""baseline"":null,""ratio"":null,""detail"":""""},{""case"":8,""size"":3072,""verdict"":""accepted"",""points"":0.0,""points_max"":3,""instructions"":84100,""cost"":95575,""d_miss"":765,""d_access"":1530,""baseline"":null,""ratio"":null,""detail"":""""},{""case"":9,""size"":4096,""verdict"":""accepted"",""points"":0.0,""points_max"":3,""instructions"":124296,""cost"":141171,""d_miss"":1125,""d_access"":2250,""baseline"":null,""ratio"":null,""detail"":""""}]}"
编译器摸鱼组,matmul,success,0.0,294,"{""verdict"":""accepted"",""error"":null,""message"":""演示数据"",""problem"":""matmul"",""full_score"":30,""cases"":[{""case"":0,""size"":4,""verdict"":""accepted"",""points"":0.0,""points_max"":3,""instructions"":3305,""cost"":3635,""d_miss"":22,""d_access"":44,""baseline"":null,""ratio"":null,""detail"":""""},{""case"":1,""size"":8,""verdict"":""accepted"",""points"":0.0,""points_max"":3,""instructions"":23240,""cost"":23750,""d_miss"":34,""d_access"":68,""baseline"":null,""ratio"":null,""detail"":""""},{""case"":2,""size"":12,""verdict"":""accepted"",""points"":0.0,""points_max"":3,""instructions"":74729,""cost"":75539,""d_miss"":54,""d_access"":108,""baseline"":null,""ratio"":null,""detail"":""""},{""case"":3,""size"":16,""verdict"":""accepted"",""points"":0.0,""points_max"":3,""instructions"":177126,""cost"":178371,""d_miss"":83,""d_access"":166,""baseline"":null,""ratio"":null,""detail"":""""},{""case"":4,""size"":20,""verdict"":""accepted"",""points"":0.0,""points_max"":3,""instructions"":345340,""cost"":347155,""d_miss"":121,""d_access"":242,""baseline"":null,""ratio"":null,""detail"":""""},{""case"":5,""size"":24,""verdict"":""accepted"",""points"":0.0,""points_max"":3,""instructions"":588076,""cost"":590551,""d_miss"":165,""d_access"":330,""baseline"":null,""ratio"":null,""detail"":""""},{""case"":6,""size"":32,""verdict"":""accepted"",""points"":0.0,""points_max"":3,""instructions"":1406588,""cost"":1410863,""d_miss"":285,""d_access"":570,""baseline"":null,""ratio"":null,""detail"":""""},{""case"":7,""size"":40,""verdict"":""accepted"",""points"":0.0,""points_max"":3,""instructions"":2757807,""cost"":2764407,""d_miss"":440,""d_access"":880,""baseline"":null,""ratio"":null,""detail"":""""},{""case"":8,""size"":48,""verdict"":""accepted"",""points"":0.0,""points_max"":3,""instructions"":4794837,""cost"":4804332,""d_miss"":633,""d_access"":1266,""baseline"":null,""ratio"":null,""detail"":""""},{""case"":9,""size"":64,""verdict"":""accepted"",""points"":0.0,""points_max"":3,""instructions"":11354265,""cost"":11370975,""d_miss"":1114,""d_access"":2228,""baseline"":null,""ratio"":null,""detail"":""""}]}"
流水线突击队,matmul,success,0.0,305,"{""verdict"":""accepted"",""error"":null,""message"":""演示数据"",""problem"":""matmul"",""full_score"":30,""cases"":[{""case"":0,""size"":4,""verdict"":""accepted"",""points"":0.0,""points_max"":3,""instructions"":2591,""cost"":2846,""d_miss"":17,""d_access"":34,""baseline"":null,""ratio"":null,""detail"":""""},{""case"":1,""size"":8,""verdict"":""accepted"",""points"":0.0,""points_max"":3,""instructions"":18191,""cost"":18581,""d_miss"":26,""d_access"":52,""baseline"":null,""ratio"":null,""detail"":""""},{""case"":2,""size"":12,""verdict"":""accepted"",""points"":0.0,""points_max"":3,""instructions"":60229,""cost"":60874,""d_miss"":43,""d_access"":86,""baseline"":null,""ratio"":null,""detail"":""""},{""case"":3,""size"":16,""verdict"":""accepted"",""points"":0.0,""points_max"":3,""instructions"":138511,""cost"":139486,""d_miss"":65,""d_access"":130,""baseline"":null,""ratio"":null,""detail"":""""},{""case"":4,""size"":20,""verdict"":""accepted"",""points"":0.0,""points_max"":3,""instructions"":265345,""cost"":266740,""d_miss"":93,""d_access"":186,""baseline"":null,""ratio"":null,""detail"":""""},{""case"":5,""size"":24,""verdict"":""accepted"",""points"":0.0,""points_max"":3,""instructions"":466641,""cost"":468606,""d_miss"":131,""d_access"":262,""baseline"":null,""ratio"":null,""detail"":""""},{""case"":6,""size"":32,""verdict"":""accepted"",""points"":0.0,""points_max"":3,""instructions"":1098177,""cost"":1101522,""d_miss"":223,""d_access"":446,""baseline"":null,""ratio"":null,""detail"":""""},{""case"":7,""size"":40,""verdict"":""accepted"",""points"":0.0,""points_max"":3,""instructions"":2155950,""cost"":2161110,""d_miss"":344,""d_access"":688,""baseline"":null,""ratio"":null,""detail"":""""},{""case"":8,""size"":48,""verdict"":""accepted"",""points"":0.0,""points_max"":3,""instructions"":3674763,""cost"":3682038,""d_miss"":485,""d_access"":970,""baseline"":null,""ratio"":null,""detail"":""""},{""case"":9,""size"":64,""verdict"":""accepted"",""points"":0.0,""points_max"":3,""instructions"":8880121,""cost"":8893186,""d_miss"":871,""d_access"":1742,""baseline"":null,""ratio"":null,""detail"":""""}]}"
编译器摸鱼组,reducesum,success,0.0,334,"{""verdict"":""accepted"",""error"":null,""message"":""演示数据"",""problem"":""reducesum"",""full_score"":40,""cases"":[{""case"":0,""size"":64,""verdict"":""accepted"",""points"":0.0,""points_max"":4,""instructions"":1505,""cost"":1790,""d_miss"":19,""d_access"":38,""baseline"":null,""ratio"":null,""detail"":""""},{""case"":1,""size"":128,""verdict"":""accepted"",""points"":0.0,""points_max"":4,""instructions"":2894,""cost"":3254,""d_miss"":24,""d_access"":48,""baseline"":null,""ratio"":null,""detail"":""""},{""case"":2,""size"":256,""verdict"":""accepted"",""points"":0.0,""points_max"":4,""instructions"":5804,""cost"":6299,""d_miss"":33,""d_access"":66,""baseline"":null,""ratio"":null,""detail"":""""},{""case"":3,""size"":512,""verdict"":""accepted"",""points"":0.0,""points_max"":4,""instructions"":11547,""cost"":12357,""d_miss"":54,""d_access"":108,""baseline"":null,""ratio"":null,""detail"":""""},{""case"":4,""size"":1024,""verdict"":""accepted"",""points"":0.0,""points_max"":4,""instructions"":23369,""cost"":24839,""d_miss"":98,""d_access"":196,""baseline"":null,""ratio"":null,""detail"":""""},{""case"":5,""size"":1536,""verdict"":""accepted"",""points"":0.0,""points_max"":4,""instructions"":34885,""cost"":36985,""d_miss"":140,""d_access"":280,""baseline"":null,""ratio"":null,""detail"":""""},{""case"":6,""size"":2048,""verdict"":""accepted"",""points"":0.0,""points_max"":4,""instructions"":47050,""cost"":49810,""d_miss"":184,""d_access"":368,""baseline"":null,""ratio"":null,""detail"":""""},{""case"":7,""size"":2560,""verdict"":""accepted"",""points"":0.0,""points_max"":4,""instructions"":58635,""cost"":62025,""d_miss"":226,""d_access"":452,""baseline"":null,""ratio"":null,""detail"":""""},{""case"":8,""size"":3072,""verdict"":""accepted"",""points"":0.0,""points_max"":4,""instructions"":70966,""cost"":75046,""d_miss"":272,""d_access"":544,""baseline"":null,""ratio"":null,""detail"":""""},{""case"":9,""size"":4096,""verdict"":""accepted"",""points"":0.0,""points_max"":4,""instructions"":98430,""cost"":104040,""d_miss"":374,""d_access"":748,""baseline"":null,""ratio"":null,""detail"":""""}]}"
指令数屠夫,reducesum,success,0.0,363,"{""verdict"":""accepted"",""error"":null,""message"":""演示数据"",""problem"":""reducesum"",""full_score"":40,""cases"":[{""case"":0,""size"":64,""verdict"":""accepted"",""points"":0.0,""points_max"":4,""instructions"":1098,""cost"":1308,""d_miss"":14,""d_access"":28,""baseline"":null,""ratio"":null,""detail"":""""},{""case"":1,""size"":128,""verdict"":""accepted"",""points"":0.0,""points_max"":4,""instructions"":2170,""cost"":2440,""d_miss"":18,""d_access"":36,""baseline"":null,""ratio"":null,""detail"":""""},{""case"":2,""size"":256,""verdict"":""accepted"",""points"":0.0,""points_max"":4,""instructions"":4267,""cost"":4627,""d_miss"":24,""d_access"":48,""baseline"":null,""ratio"":null,""detail"":""""},{""case"":3,""size"":512,""verdict"":""accepted"",""points"":0.0,""points_max"":4,""instructions"":8633,""cost"":9248,""d_miss"":41,""d_access"":82,""baseline"":null,""ratio"":null,""detail"":""""},{""case"":4,""size"":1024,""verdict"":""accepted"",""points"":0.0,""points_max"":4,""instructions"":17420,""cost"":18515,""d_miss"":73,""d_access"":146,""baseline"":null,""ratio"":null,""detail"":""""},{""case"":5,""size"":1536,""verdict"":""accepted"",""points"":0.0,""points_max"":4,""instructions"":26878,""cost"":28498,""d_miss"":108,""d_access"":216,""baseline"":null,""ratio"":null,""detail"":""""},{""case"":6,""size"":2048,""verdict"":""accepted"",""points"":0.0,""points_max"":4,""instructions"":37360,""cost"":39550,""d_miss"":146,""d_access"":292,""baseline"":null,""ratio"":null,""detail"":""""},{""case"":7,""size"":2560,""verdict"":""accepted"",""points"":0.0,""points_max"":4,""instructions"":46487,""cost"":49172,""d_miss"":179,""d_access"":358,""baseline"":null,""ratio"":null,""detail"":""""},{""case"":8,""size"":3072,""verdict"":""accepted"",""points"":0.0,""points_max"":4,""instructions"":57317,""cost"":60602,""d_miss"":219,""d_access"":438,""baseline"":null,""ratio"":null,""detail"":""""},{""case"":9,""size"":4096,""verdict"":""accepted"",""points"":0.0,""points_max"":4,""instructions"":79265,""cost"":83795,""d_miss"":302,""d_access"":604,""baseline"":null,""ratio"":null,""detail"":""""}]}"
展开循环小分队,reducesum,success,0.0,385,"{""verdict"":""accepted"",""error"":null,""message"":""演示数据"",""problem"":""reducesum"",""full_score"":40,""cases"":[{""case"":0,""size"":64,""verdict"":""accepted"",""points"":0.0,""points_max"":4,""instructions"":904,""cost"":1069,""d_miss"":11,""d_access"":22,""baseline"":null,""ratio"":null,""detail"":""""},{""case"":1,""size"":128,""verdict"":""accepted"",""points"":0.0,""points_max"":4,""instructions"":1779,""cost"":1989,""d_miss"":14,""d_access"":28,""baseline"":null,""ratio"":null,""detail"":""""},{""case"":2,""size"":256,""verdict"":""accepted"",""points"":0.0,""points_max"":4,""instructions"":3594,""cost"":3894,""d_miss"":20,""d_access"":40,""baseline"":null,""ratio"":null,""detail"":""""},{""case"":3,""size"":512,""verdict"":""accepted"",""points"":0.0,""points_max"":4,""instructions"":7430,""cost"":7955,""d_miss"":35,""d_access"":70,""baseline"":null,""ratio"":null,""detail"":""""},{""case"":4,""size"":1024,""verdict"":""accepted"",""points"":0.0,""points_max"":4,""instructions"":15886,""cost"":16876,""d_miss"":66,""d_access"":132,""baseline"":null,""ratio"":null,""detail"":""""},{""case"":5,""size"":1536,""verdict"":""accepted"",""points"":0.0,""points_max"":4,""instructions"":25146,""cost"":26661,""d_miss"":101,""d_access"":202,""baseline"":null,""ratio"":null,""detail"":""""},{""case"":6,""size"":2048,""verdict"":""accepted"",""points"":0.0,""points_max"":4,""instructions"":36443,""cost"":38573,""d_miss"":142,""d_access"":284,""baseline"":null,""ratio"":null,""detail"":""""},{""case"":7,""size"":2560,""verdict"":""accepted"",""points"":0.0,""points_max"":4,""instructions"":48416,""cost"":51221,""d_miss"":187,""d_access"":374,""baseline"":null,""ratio"":null,""detail"":""""},{""case"":8,""size"":3072,""verdict"":""accepted"",""points"":0.0,""points_max"":4,""instructions"":61078,""cost"":64588,""d_miss"":234,""d_access"":468,""baseline"":null,""ratio"":null,""detail"":""""},{""case"":9,""size"":4096,""verdict"":""accepted"",""points"":0.0,""points_max"":4,""instructions"":89091,""cost"":94176,""d_miss"":339,""d_access"":678,""baseline"":null,""ratio"":null,""detail"":""""}]}"
RISC-V 先锋队,add,success,0.0,410,"{""verdict"":""accepted"",""error"":null,""message"":""演示数据"",""problem"":""add"",""full_score"":30,""cases"":[{""case"":0,""size"":64,""verdict"":""accepted"",""points"":0.0,""points_max"":3,""instructions"":1287,""cost"":1572,""d_miss"":19,""d_access"":38,""baseline"":null,""ratio"":null,""detail"":""""},{""case"":1,""size"":128,""verdict"":""accepted"",""points"":0.0,""points_max"":3,""instructions"":2514,""cost"":2964,""d_miss"":30,""d_access"":60,""baseline"":null,""ratio"":null,""detail"":""""},{""case"":2,""size"":256,""verdict"":""accepted"",""points"":0.0,""points_max"":3,""instructions"":5002,""cost"":5797,""d_miss"":53,""d_access"":106,""baseline"":null,""ratio"":null,""detail"":""""},{""case"":3,""size"":512,""verdict"":""accepted"",""points"":0.0,""points_max"":3,""instructions"":10070,""cost"":11540,""d_miss"":98,""d_access"":196,""baseline"":null,""ratio"":null,""detail"":""""},{""case"":4,""size"":1024,""verdict"":""accepted"",""points"":0.0,""points_max"":3,""instructions"":20179,""cost"":22999,""d_miss"":188,""d_access"":376,""baseline"":null,""ratio"":null,""detail"":""""},{""case"":5,""size"":1536,""verdict"":""accepted"",""points"":0.0,""points_max"":3,""instructions"":30225,""cost"":34395,""d_miss"":278,""d_access"":556,""baseline"":null,""ratio"":null,""detail"":""""},{""case"":6,""size"":2048,""verdict"":""accepted"",""points"":0.0,""points_max"":3,""instructions"":40028,""cost"":45503,""d_miss"":365,""d_access"":730,""baseline"":null,""ratio"":null,""detail"":""""},{""case"":7,""size"":2560,""verdict"":""accepted"",""points"":0.0,""points_max"":3,""instructions"":51150,""cost"":58155,""d_miss"":467,""d_access"":934,""baseline"":null,""ratio"":null,""detail"":""""},{""case"":8,""size"":3072,""verdict"":""accepted"",""points"":0.0,""points_max"":3,""instructions"":61626,""cost"":70026,""d_miss"":560,""d_access"":1120,""baseline"":null,""ratio"":null,""detail"":""""},{""case"":9,""size"":4096,""verdict"":""accepted"",""points"":0.0,""points_max"":3,""instructions"":81529,""cost"":92599,""d_miss"":738,""d_access"":1476,""baseline"":null,""ratio"":null,""detail"":""""}]}"
流水线突击队,reducesum,success,0.0,425,"{""verdict"":""accepted"",""error"":null,""message"":""演示数据"",""problem"":""reducesum"",""full_score"":40,""cases"":[{""case"":0,""size"":64,""verdict"":""accepted"",""points"":0.0,""points_max"":4,""instructions"":1134,""cost"":1344,""d_miss"":14,""d_access"":28,""baseline"":null,""ratio"":null,""detail"":""""},{""case"":1,""size"":128,""verdict"":""accepted"",""points"":0.0,""points_max"":4,""instructions"":2245,""cost"":2515,""d_miss"":18,""d_access"":36,""baseline"":null,""ratio"":null,""detail"":""""},{""case"":2,""size"":256,""verdict"":""accepted"",""points"":0.0,""points_max"":4,""instructions"":4507,""cost"":4897,""d_miss"":26,""d_access"":52,""baseline"":null,""ratio"":null,""detail"":""""},{""case"":3,""size"":512,""verdict"":""accepted"",""points"":0.0,""points_max"":4,""instructions"":9014,""cost"":9644,""d_miss"":42,""d_access"":84,""baseline"":null,""ratio"":null,""detail"":""""},{""case"":4,""size"":1024,""verdict"":""accepted"",""points"":0.0,""points_max"":4,""instructions"":18187,""cost"":19327,""d_miss"":76,""d_access"":152,""baseline"":null,""ratio"":null,""detail"":""""},{""case"":5,""size"":1536,""verdict"":""accepted"",""points"":0.0,""points_max"":4,""instructions"":27348,""cost"":28998,""d_miss"":110,""d_access"":220,""baseline"":null,""ratio"":null,""detail"":""""},{""case"":6,""size"":2048,""verdict"":""accepted"",""points"":0.0,""points_max"":4,""instructions"":36247,""cost"":38362,""d_miss"":141,""d_access"":282,""baseline"":null,""ratio"":null,""detail"":""""},{""case"":7,""size"":2560,""verdict"":""accepted"",""points"":0.0,""points_max"":4,""instructions"":45237,""cost"":47847,""d_miss"":174,""d_access"":348,""baseline"":null,""ratio"":null,""detail"":""""},{""case"":8,""size"":3072,""verdict"":""accepted"",""points"":0.0,""points_max"":4,""instructions"":54189,""cost"":57294,""d_miss"":207,""d_access"":414,""baseline"":null,""ratio"":null,""detail"":""""},{""case"":9,""size"":4096,""verdict"":""accepted"",""points"":0.0,""points_max"":4,""instructions"":73689,""cost"":77889,""d_miss"":280,""d_access"":560,""baseline"":null,""ratio"":null,""detail"":""""}]}"
流水线突击队,add,success,0.0,445,"{""verdict"":""accepted"",""error"":null,""message"":""演示数据"",""problem"":""add"",""full_score"":30,""cases"":[{""case"":0,""size"":64,""verdict"":""accepted"",""points"":0.0,""points_max"":3,""instructions"":1389,""cost"":1704,""d_miss"":21,""d_access"":42,""baseline"":null,""ratio"":null,""detail"":""""},{""case"":1,""size"":128,""verdict"":""accepted"",""points"":0.0,""points_max"":3,""instructions"":2696,""cost"":3191,""d_miss"":33,""d_access"":66,""baseline"":null,""ratio"":null,""detail"":""""},{""case"":2,""size"":256,""verdict"":""accepted"",""points"":0.0,""points_max"":3,""instructions"":5347,""cost"":6187,""d_miss"":56,""d_access"":112,""baseline"":null,""ratio"":null,""detail"":""""},{""case"":3,""size"":512,""verdict"":""accepted"",""points"":0.0,""points_max"":3,""instructions"":10637,""cost"":12182,""d_miss"":103,""d_access"":206,""baseline"":null,""ratio"":null,""detail"":""""},{""case"":4,""size"":1024,""verdict"":""accepted"",""points"":0.0,""points_max"":3,""instructions"":21414,""cost"":24414,""d_miss"":200,""d_access"":400,""baseline"":null,""ratio"":null,""detail"":""""},{""case"":5,""size"":1536,""verdict"":""accepted"",""points"":0.0,""points_max"":3,""instructions"":32127,""cost"":36552,""d_miss"":295,""d_access"":590,""baseline"":null,""ratio"":null,""detail"":""""},{""case"":6,""size"":2048,""verdict"":""accepted"",""points"":0.0,""points_max"":3,""instructions"":43420,""cost"":49360,""d_miss"":396,""d_access"":792,""baseline"":null,""ratio"":null,""detail"":""""},{""case"":7,""size"":2560,""verdict"":""accepted"",""points"":0.0,""points_max"":3,""instructions"":54347,""cost"":61787,""d_miss"":496,""d_access"":992,""baseline"":null,""ratio"":null,""detail"":""""},{""case"":8,""size"":3072,""verdict"":""accepted"",""points"":0.0,""points_max"":3,""instructions"":67124,""cost"":76274,""d_miss"":610,""d_access"":1220,""baseline"":null,""ratio"":null,""detail"":""""},{""case"":9,""size"":4096,""verdict"":""accepted"",""points"":0.0,""points_max"":3,""instructions"":88751,""cost"":100796,""d_miss"":803,""d_access"":1606,""baseline"":null,""ratio"":null,""detail"":""""}]}"
寄存器分配师,reducesum,success,0.0,459,"{""verdict"":""accepted"",""error"":null,""message"":""演示数据"",""problem"":""reducesum"",""full_score"":40,""cases"":[{""case"":0,""size"":64,""verdict"":""accepted"",""points"":0.0,""points_max"":4,""instructions"":1127,""cost"":1337,""d_miss"":14,""d_access"":28,""baseline"":null,""ratio"":null,""detail"":""""},{""case"":1,""size"":128,""verdict"":""accepted"",""points"":0.0,""points_max"":4,""instructions"":2217,""cost"":2487,""d_miss"":18,""d_access"":36,""baseline"":null,""ratio"":null,""detail"":""""},{""case"":2,""size"":256,""verdict"":""accepted"",""points"":0.0,""points_max"":4,""instructions"":4376,""cost"":4751,""d_miss"":25,""d_access"":50,""baseline"":null,""ratio"":null,""detail"":""""},{""case"":3,""size"":512,""verdict"":""accepted"",""points"":0.0,""points_max"":4,""instructions"":8742,""cost"":9357,""d_miss"":41,""d_access"":82,""baseline"":null,""ratio"":null,""detail"":""""},{""case"":4,""size"":1024,""verdict"":""accepted"",""points"":0.0,""points_max"":4,""instructions"":17836,""cost"":18961,""d_miss"":75,""d_access"":150,""baseline"":null,""ratio"":null,""detail"":""""},{""case"":5,""size"":1536,""verdict"":""accepted"",""points"":0.0,""points_max"":4,""instructions"":26821,""cost"":28441,""d_miss"":108,""d_access"":216,""baseline"":null,""ratio"":null,""detail"":""""},{""case"":6,""size"":2048,""verdict"":""accepted"",""points"":0.0,""points_max"":4,""instructions"":36114,""cost"":38229,""d_miss"":141,""d_access"":282,""baseline"":null,""ratio"":null,""detail"":""""},{""case"":7,""size"":2560,""verdict"":""accepted"",""points"":0.0,""points_max"":4,""instructions"":45827,""cost"":48482,""d_miss"":177,""d_access"":354,""baseline"":null,""ratio"":null,""detail"":""""},{""case"":8,""size"":3072,""verdict"":""accepted"",""points"":0.0,""points_max"":4,""instructions"":55531,""cost"":58726,""d_miss"":213,""d_access"":426,""baseline"":null,""ratio"":null,""detail"":""""},{""case"":9,""size"":4096,""verdict"":""accepted"",""points"":0.0,""points_max"":4,""instructions"":74151,""cost"":78381,""d_miss"":282,""d_access"":564,""baseline"":null,""ratio"":null,""detail"":""""}]}"
RISC-V 先锋队,matmul,success,0.0,481,"{""verdict"":""accepted"",""error"":null,""message"":""演示数据"",""problem"":""matmul"",""full_score"":30,""cases"":[{""case"":0,""size"":4,""verdict"":""accepted"",""points"":0.0,""points_max"":3,""instructions"":2080,""cost"":2290,""d_miss"":14,""d_access"":28,""baseline"":null,""ratio"":null,""detail"":""""},{""case"":1,""size"":8,""verdict"":""accepted"",""points"":0.0,""points_max"":3,""instructions"":14682,""cost"":14997,""d_miss"":21,""d_access"":42,""baseline"":null,""ratio"":null,""detail"":""""},{""case"":2,""size"":12,""verdict"":""accepted"",""points"":0.0,""points_max"":3,""instructions"":47644,""cost"":48154,""d_miss"":34,""d_access"":68,""baseline"":null,""ratio"":null,""detail"":""""},{""case"":3,""size"":16,""verdict"":""accepted"",""points"":0.0,""points_max"":3,""instructions"":111296,""cost"":112076,""d_miss"":52,""d_access"":104,""baseline"":null,""ratio"":null,""detail"":""""},{""case"":4,""size"":20,""verdict"":""accepted"",""points"":0.0,""points_max"":3,""instructions"":213067,""cost"":214192,""d_miss"":75,""d_access"":150,""baseline"":null,""ratio"":null,""detail"":""""},{""case"":5,""size"":24,""verdict"":""accepted"",""points"":0.0,""points_max"":3,""instructions"":367087,""cost"":368632,""d_miss"":103,""d_access"":206,""baseline"":null,""ratio"":null,""detail"":""""},{""case"":6,""size"":32,""verdict"":""accepted"",""points"":0.0,""points_max"":3,""instructions"":863143,""cost"":865768,""d_miss"":175,""d_access"":350,""baseline"":null,""ratio"":null,""detail"":""""},{""case"":7,""size"":40,""verdict"":""accepted"",""points"":0.0,""points_max"":3,""instructions"":1693325,""cost"":1697375,""d_miss"":270,""d_access"":540,""baseline"":null,""ratio"":null,""detail"":""""},{""case"":8,""size"":48,""verdict"":""accepted"",""points"":0.0,""points_max"":3,""instructions"":2918681,""cost"":2924456,""d_miss"":385,""d_access"":770,""baseline"":null,""ratio"":null,""detail"":""""},{""case"":9,""size"":64,""verdict"":""accepted"",""points"":0.0,""points_max"":3,""instructions"":7042350,""cost"":7052715,""d_miss"":691,""d_access"":1382,""baseline"":null,""ratio"":null,""detail"":""""}]}"
寄存器分配师,matmul,success,0.0,498,"{""verdict"":""accepted"",""error"":null,""message"":""演示数据"",""problem"":""matmul"",""full_score"":30,""cases"":[{""case"":0,""size"":4,""verdict"":""accepted"",""points"":0.0,""points_max"":3,""instructions"":2378,""cost"":2618,""d_miss"":16,""d_access"":32,""baseline"":null,""ratio"":null,""detail"":""""},{""case"":1,""size"":8,""verdict"":""accepted"",""points"":0.0,""points_max"":3,""instructions"":16536,""cost"":16896,""d_miss"":24,""d_access"":48,""baseline"":null,""ratio"":null,""detail"":""""},{""case"":2,""size"":12,""verdict"":""accepted"",""points"":0.0,""points_max"":3,""instructions"":53502,""cost"":54072,""d_miss"":38,""d_access"":76,""baseline"":null,""ratio"":null,""detail"":""""},{""case"":3,""size"":16,""verdict"":""accepted"",""points"":0.0,""points_max"":3,""instructions"":127664,""cost"":128564,""d_miss"":60,""d_access"":120,""baseline"":null,""ratio"":null,""detail"":""""},{""case"":4,""size"":20,""verdict"":""accepted"",""points"":0.0,""points_max"":3,""instructions"":248759,""cost"":250064,""d_miss"":87,""d_access"":174,""baseline"":null,""ratio"":null,""detail"":""""},{""case"":5,""size"":24,""verdict"":""accepted"",""points"":0.0,""points_max"":3,""instructions"":427085,""cost"":428885,""d_miss"":120,""d_access"":240,""baseline"":null,""ratio"":null,""detail"":""""},{""case"":6,""size"":32,""verdict"":""accepted"",""points"":0.0,""points_max"":3,""instructions"":1014601,""cost"":1017691,""d_miss"":206,""d_access"":412,""baseline"":null,""ratio"":null,""detail"":""""},{""case"":7,""size"":40,""verdict"":""accepted"",""points"":0.0,""points_max"":3,""instructions"":1974362,""cost"":1979087,""d_miss"":315,""d_access"":630,""baseline"":null,""ratio"":null,""detail"":""""},{""case"":8,""size"":48,""verdict"":""accepted"",""points"":0.0,""points_max"":3,""instructions"":3439557,""cost"":3446367,""d_miss"":454,""d_access"":908,""baseline"":null,""ratio"":null,""detail"":""""},{""case"":9,""size"":64,""verdict"":""accepted"",""points"":0.0,""points_max"":3,""instructions"":8042429,""cost"":8054264,""d_miss"":789,""d_access"":1578,""baseline"":null,""ratio"":null,""detail"":""""}]}"
定点特工队,add,success,0.0,508,"{""verdict"":""accepted"",""error"":null,""message"":""演示数据"",""problem"":""add"",""full_score"":30,""cases"":[{""case"":0,""size"":64,""verdict"":""accepted"",""points"":0.0,""points_max"":3,""instructions"":1629,""cost"":2004,""d_miss"":25,""d_access"":50,""baseline"":null,""ratio"":null,""detail"":""""},{""case"":1,""size"":128,""verdict"":""accepted"",""points"":0.0,""points_max"":3,""instructions"":3166,""cost"":3736,""d_miss"":38,""d_access"":76,""baseline"":null,""ratio"":null,""detail"":""""},{""case"":2,""size"":256,""verdict"":""accepted"",""points"":0.0,""points_max"":3,""instructions"":6246,""cost"":7236,""d_miss"":66,""d_access"":132,""baseline"":null,""ratio"":null,""detail"":""""},{""case"":3,""size"":512,""verdict"":""accepted"",""points"":0.0,""points_max"":3,""instructions"":12438,""cost"":14253,""d_miss"":121,""d_access"":242,""baseline"":null,""ratio"":null,""detail"":""""},{""case"":4,""size"":1024,""verdict"":""accepted"",""points"":0.0,""points_max"":3,""instructions"":25254,""cost"":28794,""d_miss"":236,""d_access"":472,""baseline"":null,""ratio"":null,""detail"":""""},{""case"":5,""size"":1536,""verdict"":""accepted"",""points"":0.0,""points_max"":3,""instructions"":38628,""cost"":43953,""d_miss"":355,""d_access"":710,""baseline"":null,""ratio"":null,""detail"":""""},{""case"":6,""size"":2048,""verdict"":""accepted"",""points"":0.0,""points_max"":3,""instructions"":51702,""cost"":58782,""d_miss"":472,""d_access"":944,""baseline"":null,""ratio"":null,""detail"":""""},{""case"":7,""size"":2560,""verdict"":""accepted"",""points"":0.0,""points_max"":3,""instructions"":64583,""cost"":73418,""d_miss"":589,""d_access"":1178,""baseline"":null,""ratio"":null,""detail"":""""},{""case"":8,""size"":3072,""verdict"":""accepted"",""points"":0.0,""points_max"":3,""instructions"":77913,""cost"":88533,""d_miss"":708,""d_access"":1416,""baseline"":null,""ratio"":null,""detail"":""""},{""case"":9,""size"":4096,""verdict"":""accepted"",""points"":0.0,""points_max"":3,""instructions"":105372,""cost"":119682,""d_miss"":954,""d_access"":1908,""baseline"":null,""ratio"":null,""detail"":""""}]}"
